Name,Team,Number,Position,Age,Height,Weight,College,Salary,random_date
Avery Bradley,Boston Celtics,0.0,PG,25.0,6-2,180.0,Texas,7730337.0,2014-01-31 00:00:00.000000000
Jae Crowder,Boston Celtics,99.0,SF,25.0,6-6,235.0,Marquette,6796117.0,2014-02-07 23:47:23.763676148
John Holland,Boston Celtics,30.0,SG,27.0,6-5,205.0,Boston University,,2014-02-15 23:34:47.527352297
R.J. Hunter,Boston Celtics,28.0,SG,22.0,6-5,185.0,Georgia State,1148640.0,2014-02-23 23:22:11.291028446
Jonas Jerebko,Boston Celtics,8.0,PF,29.0,6-10,231.0,,5000000.0,2014-03-03 23:09:35.054704595
Amir Johnson,Boston Celtics,90.0,PF,29.0,6-9,240.0,,12000000.0,2014-03-11 22:56:58.818380744
Jordan Mickey,Boston Celtics,55.0,PF,21.0,6-8,235.0,LSU,1170960.0,2014-03-19 22:44:22.582056892
Kelly Olynyk,Boston Celtics,41.0,C,25.0,7-0,238.0,Gonzaga,2165160.0,2014-03-27 22:31:46.345733041
Terry Rozier,Boston Celtics,12.0,PG,22.0,6-2,190.0,Louisville,1824360.0,2014-04-04 22:19:10.109409190
Marcus Smart,Boston Celtics,36.0,PG,22.0,6-4,220.0,Oklahoma State,3431040.0,2014-04-12 22:06:33.873085339
Jared Sullinger,Boston Celtics,7.0,C,24.0,6-9,260.0,Ohio State,2569260.0,2014-04-20 21:53:57.636761488
Isaiah Thomas,Boston Celtics,4.0,PG,27.0,5-9,185.0,Washington,6912869.0,2014-04-28 21:41:21.400437636
Evan Turner,Boston Celtics,11.0,SG,27.0,6-7,220.0,Ohio State,3425510.0,2014-05-06 21:28:45.164113785
James Young,Boston Celtics,13.0,SG,20.0,6-6,215.0,Kentucky,1749840.0,2014-05-14 21:16:08.927789934
Tyler Zeller,Boston Celtics,44.0,C,26.0,7-0,253.0,North Carolina,2616975.0,2014-05-22 21:03:32.691466082
Bojan Bogdanovic,Brooklyn Nets,44.0,SG,27.0,6-8,216.0,,3425510.0,2014-05-30 20:50:56.455142232
Markel Brown,Brooklyn Nets,22.0,SG,24.0,6-3,190.0,Oklahoma State,845059.0,2014-06-07 20:38:20.218818380
Wayne Ellington,Brooklyn Nets,21.0,SG,28.0,6-4,200.0,North Carolina,1500000.0,2014-06-15 20:25:43.982494528
Rondae Hollis-Jefferson,Brooklyn Nets,24.0,SG,21.0,6-7,220.0,Arizona,1335480.0,2014-06-23 20:13:07.746170678
Jarrett Jack,Brooklyn Nets,2.0,PG,32.0,6-3,200.0,Georgia Tech,6300000.0,2014-07-01 20:00:31.509846826
Sergey Karasev,Brooklyn Nets,10.0,SG,22.0,6-7,208.0,,1599840.0,2014-07-09 19:47:55.273522976
Sean Kilpatrick,Brooklyn Nets,6.0,SG,26.0,6-4,219.0,Cincinnati,134215.0,2014-07-17 19:35:19.037199124
Shane Larkin,Brooklyn Nets,0.0,PG,23.0,5-11,175.0,Miami (FL),1500000.0,2014-07-25 19:22:42.800875272
Brook Lopez,Brooklyn Nets,11.0,C,28.0,7-0,275.0,Stanford,19689000.0,2014-08-02 19:10:06.564551422
Chris McCullough,Brooklyn Nets,1.0,PF,21.0,6-11,200.0,Syracuse,1140240.0,2014-08-10 18:57:30.328227570
Willie Reed,Brooklyn Nets,33.0,PF,26.0,6-10,220.0,Saint Louis,947276.0,2014-08-18 18:44:54.091903718
Thomas Robinson,Brooklyn Nets,41.0,PF,25.0,6-10,237.0,Kansas,981348.0,2014-08-26 18:32:17.855579868
Henry Sims,Brooklyn Nets,14.0,C,26.0,6-10,248.0,Georgetown,947276.0,2014-09-03 18:19:41.619256016
Donald Sloan,Brooklyn Nets,15.0,PG,28.0,6-3,205.0,Texas A&M,947276.0,2014-09-11 18:07:05.382932164
Thaddeus Young,Brooklyn Nets,30.0,PF,27.0,6-8,221.0,Georgia Tech,11235955.0,2014-09-19 17:54:29.146608312
Arron Afflalo,New York Knicks,4.0,SG,30.0,6-5,210.0,UCLA,8000000.0,2014-09-27 17:41:52.910284464
Lou Amundson,New York Knicks,17.0,PF,33.0,6-9,220.0,UNLV,1635476.0,2014-10-05 17:29:16.673960612
Thanasis Antetokounmpo,New York Knicks,43.0,SF,23.0,6-7,205.0,,30888.0,2014-10-13 17:16:40.437636760
Carmelo Anthony,New York Knicks,7.0,SF,32.0,6-8,240.0,Syracuse,22875000.0,2014-10-21 17:04:04.201312908
Jose Calderon,New York Knicks,3.0,PG,34.0,6-3,200.0,,7402812.0,2014-10-29 16:51:27.964989056
Cleanthony Early,New York Knicks,11.0,SF,25.0,6-8,210.0,Wichita State,845059.0,2014-11-06 16:38:51.728665208
Langston Galloway,New York Knicks,2.0,SG,24.0,6-2,200.0,Saint Joseph's,845059.0,2014-11-14 16:26:15.492341356
Jerian Grant,New York Knicks,13.0,PG,23.0,6-4,195.0,Notre Dame,1572360.0,2014-11-22 16:13:39.256017504
Robin Lopez,New York Knicks,8.0,C,28.0,7-0,255.0,Stanford,12650000.0,2014-11-30 16:01:03.019693652
Kyle O'Quinn,New York Knicks,9.0,PF,26.0,6-10,250.0,Norfolk State,3750000.0,2014-12-08 15:48:26.783369800
Kristaps Porzingis,New York Knicks,6.0,PF,20.0,7-3,240.0,,4131720.0,2014-12-16 15:35:50.547045952
Kevin Seraphin,New York Knicks,1.0,C,26.0,6-10,278.0,,2814000.0,2014-12-24 15:23:14.310722100
Lance Thomas,New York Knicks,42.0,SF,28.0,6-8,235.0,Duke,1636842.0,2015-01-01 15:10:38.074398248
Sasha Vujacic,New York Knicks,18.0,SG,32.0,6-7,195.0,,947276.0,2015-01-09 14:58:01.838074396
Derrick Williams,New York Knicks,23.0,PF,25.0,6-8,240.0,Arizona,4000000.0,2015-01-17 14:45:25.601750544
Tony Wroten,New York Knicks,5.0,SG,23.0,6-6,205.0,Washington,167406.0,2015-01-25 14:32:49.365426692
Elton Brand,Philadelphia 76ers,42.0,PF,37.0,6-9,254.0,Duke,,2015-02-02 14:20:13.129102844
Isaiah Canaan,Philadelphia 76ers,0.0,PG,25.0,6-0,201.0,Murray State,947276.0,2015-02-10 14:07:36.892778992
Robert Covington,Philadelphia 76ers,33.0,SF,25.0,6-9,215.0,Tennessee State,1000000.0,2015-02-18 13:55:00.656455140
Joel Embiid,Philadelphia 76ers,21.0,C,22.0,7-0,250.0,Kansas,4626960.0,2015-02-26 13:42:24.420131288
Jerami Grant,Philadelphia 76ers,39.0,SF,22.0,6-8,210.0,Syracuse,845059.0,2015-03-06 13:29:48.183807436
Richaun Holmes,Philadelphia 76ers,22.0,PF,22.0,6-10,245.0,Bowling Green,1074169.0,2015-03-14 13:17:11.947483588
Carl Landry,Philadelphia 76ers,7.0,PF,32.0,6-9,248.0,Purdue,6500000.0,2015-03-22 13:04:35.711159736
Kendall Marshall,Philadelphia 76ers,5.0,PG,24.0,6-4,200.0,North Carolina,2144772.0,2015-03-30 12:51:59.474835880
T.J. McConnell,Philadelphia 76ers,12.0,PG,24.0,6-2,200.0,Arizona,525093.0,2015-04-07 12:39:23.238512032
Nerlens Noel,Philadelphia 76ers,4.0,PF,22.0,6-11,228.0,Kentucky,3457800.0,2015-04-15 12:26:47.002188184
Jahlil Okafor,Philadelphia 76ers,8.0,C,20.0,6-11,275.0,Duke,4582680.0,2015-04-23 12:14:10.765864328
Ish Smith,Philadelphia 76ers,1.0,PG,27.0,6-0,175.0,Wake Forest,947276.0,2015-05-01 12:01:34.529540480
Nik Stauskas,Philadelphia 76ers,11.0,SG,22.0,6-6,205.0,Michigan,2869440.0,2015-05-09 11:48:58.293216624
Hollis Thompson,Philadelphia 76ers,31.0,SG,25.0,6-8,206.0,Georgetown,947276.0,2015-05-17 11:36:22.056892776
Christian Wood,Philadelphia 76ers,35.0,PF,20.0,6-11,220.0,UNLV,525093.0,2015-05-25 11:23:45.820568928
Bismack Biyombo,Toronto Raptors,8.0,C,23.0,6-9,245.0,,2814000.0,2015-06-02 11:11:09.584245072
Bruno Caboclo,Toronto Raptors,20.0,SF,20.0,6-9,205.0,,1524000.0,2015-06-10 10:58:33.347921224
DeMarre Carroll,Toronto Raptors,5.0,SF,29.0,6-8,212.0,Missouri,13600000.0,2015-06-18 10:45:57.111597368
DeMar DeRozan,Toronto Raptors,10.0,SG,26.0,6-7,220.0,USC,10050000.0,2015-06-26 10:33:20.875273520
James Johnson,Toronto Raptors,3.0,PF,29.0,6-9,250.0,Wake Forest,2500000.0,2015-07-04 10:20:44.638949672
Cory Joseph,Toronto Raptors,6.0,PG,24.0,6-3,190.0,Texas,7000000.0,2015-07-12 10:08:08.402625816
Kyle Lowry,Toronto Raptors,7.0,PG,30.0,6-0,205.0,Villanova,12000000.0,2015-07-20 09:55:32.166301968
Lucas Nogueira,Toronto Raptors,92.0,C,23.0,7-0,220.0,,1842000.0,2015-07-28 09:42:55.929978112
Patrick Patterson,Toronto Raptors,54.0,PF,27.0,6-9,235.0,Kentucky,6268675.0,2015-08-05 09:30:19.693654264
Norman Powell,Toronto Raptors,24.0,SG,23.0,6-4,215.0,UCLA,650000.0,2015-08-13 09:17:43.457330416
Terrence Ross,Toronto Raptors,31.0,SF,25.0,6-7,195.0,Washington,3553917.0,2015-08-21 09:05:07.221006560
Luis Scola,Toronto Raptors,4.0,PF,36.0,6-9,240.0,,2900000.0,2015-08-29 08:52:30.984682712
Jason Thompson,Toronto Raptors,1.0,PF,29.0,6-11,250.0,Rider,245177.0,2015-09-06 08:39:54.748358856
Jonas Valanciunas,Toronto Raptors,17.0,C,24.0,7-0,255.0,,4660482.0,2015-09-14 08:27:18.512035008
Delon Wright,Toronto Raptors,55.0,PG,24.0,6-5,190.0,Utah,1509360.0,2015-09-22 08:14:42.275711160
Leandro Barbosa,Golden State Warriors,19.0,SG,33.0,6-3,194.0,,2500000.0,2015-09-30 08:02:06.039387304
Harrison Barnes,Golden State Warriors,40.0,SF,24.0,6-8,225.0,North Carolina,3873398.0,2015-10-08 07:49:29.803063456
Andrew Bogut,Golden State Warriors,12.0,C,31.0,7-0,260.0,Utah,13800000.0,2015-10-16 07:36:53.566739600
Ian Clark,Golden State Warriors,21.0,SG,25.0,6-3,175.0,Belmont,947276.0,2015-10-24 07:24:17.330415752
Stephen Curry,Golden State Warriors,30.0,PG,28.0,6-3,190.0,Davidson,11370786.0,2015-11-01 07:11:41.094091904
Festus Ezeli,Golden State Warriors,31.0,C,26.0,6-11,265.0,Vanderbilt,2008748.0,2015-11-09 06:59:04.857768048
Draymond Green,Golden State Warriors,23.0,PF,26.0,6-7,230.0,Michigan State,14260870.0,2015-11-17 06:46:28.621444200
Andre Iguodala,Golden State Warriors,9.0,SF,32.0,6-6,215.0,Arizona,11710456.0,2015-11-25 06:33:52.385120344
Shaun Livingston,Golden State Warriors,34.0,PG,30.0,6-7,192.0,,5543725.0,2015-12-03 06:21:16.148796496
Kevon Looney,Golden State Warriors,36.0,SF,20.0,6-9,220.0,UCLA,1131960.0,2015-12-11 06:08:39.912472640
James Michael McAdoo,Golden State Warriors,20.0,SF,23.0,6-9,240.0,North Carolina,845059.0,2015-12-19 05:56:03.676148792
Brandon Rush,Golden State Warriors,4.0,SF,30.0,6-6,220.0,Kansas,1270964.0,2015-12-27 05:43:27.439824944
Marreese Speights,Golden State Warriors,5.0,C,28.0,6-10,255.0,Florida,3815000.0,2016-01-04 05:30:51.203501088
Klay Thompson,Golden State Warriors,11.0,SG,26.0,6-7,215.0,Washington State,15501000.0,2016-01-12 05:18:14.967177240
Anderson Varejao,Golden State Warriors,18.0,PF,33.0,6-11,273.0,,289755.0,2016-01-20 05:05:38.730853384
Cole Aldrich,Los Angeles Clippers,45.0,C,27.0,6-11,250.0,Kansas,1100602.0,2016-01-28 04:53:02.494529536
Jeff Ayres,Los Angeles Clippers,19.0,PF,29.0,6-9,250.0,Arizona State,111444.0,2016-02-05 04:40:26.258205688
Jamal Crawford,Los Angeles Clippers,11.0,SG,36.0,6-5,195.0,Michigan,5675000.0,2016-02-13 04:27:50.021881832
Branden Dawson,Los Angeles Clippers,22.0,SF,23.0,6-6,225.0,Michigan State,525093.0,2016-02-21 04:15:13.785557984
Jeff Green,Los Angeles Clippers,8.0,SF,29.0,6-9,235.0,Georgetown,9650000.0,2016-02-29 04:02:37.549234128
Blake Griffin,Los Angeles Clippers,32.0,PF,27.0,6-10,251.0,Oklahoma,18907726.0,2016-03-08 03:50:01.312910280
Wesley Johnson,Los Angeles Clippers,33.0,SF,28.0,6-7,215.0,Syracuse,1100602.0,2016-03-16 03:37:25.076586432
DeAndre Jordan,Los Angeles Clippers,6.0,C,27.0,6-11,265.0,Texas A&M,19689000.0,2016-03-24 03:24:48.840262576
Luc Richard Mbah a Moute,Los Angeles Clippers,12.0,PF,29.0,6-8,230.0,UCLA,947276.0,2016-04-01 03:12:12.603938728
Chris Paul,Los Angeles Clippers,3.0,PG,31.0,6-0,175.0,Wake Forest,21468695.0,2016-04-09 02:59:36.367614872
Paul Pierce,Los Angeles Clippers,34.0,SF,38.0,6-7,235.0,Kansas,3376000.0,2016-04-17 02:47:00.131291024
Pablo Prigioni,Los Angeles Clippers,9.0,PG,39.0,6-3,185.0,,947726.0,2016-04-25 02:34:23.894967176
JJ Redick,Los Angeles Clippers,4.0,SG,31.0,6-4,190.0,Duke,7085000.0,2016-05-03 02:21:47.658643320
Austin Rivers,Los Angeles Clippers,25.0,PG,23.0,6-4,200.0,Duke,3110796.0,2016-05-11 02:09:11.422319472
C.J. Wilcox,Los Angeles Clippers,30.0,SG,25.0,6-5,195.0,Washington,1159680.0,2016-05-19 01:56:35.185995616
Brandon Bass,Los Angeles Lakers,2.0,PF,31.0,6-8,250.0,LSU,3000000.0,2016-05-27 01:43:58.949671760
Tarik Black,Los Angeles Lakers,28.0,C,24.0,6-9,250.0,Kansas,845059.0,2016-06-04 01:31:22.713347920
Anthony Brown,Los Angeles Lakers,3.0,SF,23.0,6-7,210.0,Stanford,700000.0,2016-06-12 01:18:46.477024064
Kobe Bryant,Los Angeles Lakers,24.0,SF,37.0,6-6,212.0,,25000000.0,2016-06-20 01:06:10.240700208
Jordan Clarkson,Los Angeles Lakers,6.0,PG,24.0,6-5,194.0,Missouri,845059.0,2016-06-28 00:53:34.004376368
Roy Hibbert,Los Angeles Lakers,17.0,C,29.0,7-2,270.0,Georgetown,15592217.0,2016-07-06 00:40:57.768052512
Marcelo Huertas,Los Angeles Lakers,9.0,PG,33.0,6-3,200.0,,525093.0,2016-07-14 00:28:21.531728656
Ryan Kelly,Los Angeles Lakers,4.0,PF,25.0,6-11,230.0,Duke,1724250.0,2016-07-22 00:15:45.295404816
Larry Nance Jr.,Los Angeles Lakers,7.0,PF,23.0,6-9,230.0,Wyoming,1155600.0,2016-07-30 00:03:09.059080960
Julius Randle,Los Angeles Lakers,30.0,PF,21.0,6-9,250.0,Kentucky,3132240.0,2016-08-06 23:50:32.822757104
D'Angelo Russell,Los Angeles Lakers,1.0,PG,20.0,6-5,195.0,Ohio State,5103120.0,2016-08-14 23:37:56.586433248
Robert Sacre,Los Angeles Lakers,50.0,C,27.0,7-0,270.0,Gonzaga,981348.0,2016-08-22 23:25:20.350109408
Louis Williams,Los Angeles Lakers,23.0,SG,29.0,6-1,175.0,,7000000.0,2016-08-30 23:12:44.113785552
Metta World Peace,Los Angeles Lakers,37.0,SF,36.0,6-7,260.0,St. John's,947276.0,2016-09-07 23:00:07.877461696
Nick Young,Los Angeles Lakers,0.0,SF,31.0,6-7,210.0,USC,5219169.0,2016-09-15 22:47:31.641137856
Eric Bledsoe,Phoenix Suns,2.0,PG,26.0,6-1,190.0,Kentucky,13500000.0,2016-09-23 22:34:55.404814000
Devin Booker,Phoenix Suns,1.0,SG,19.0,6-6,206.0,Kentucky,2127840.0,2016-10-01 22:22:19.168490144
Chase Budinger,Phoenix Suns,10.0,SF,28.0,6-7,209.0,Arizona,206192.0,2016-10-09 22:09:42.932166304
Tyson Chandler,Phoenix Suns,4.0,C,33.0,7-1,240.0,,13000000.0,2016-10-17 21:57:06.695842448
Archie Goodwin,Phoenix Suns,20.0,SG,21.0,6-5,200.0,Kentucky,1160160.0,2016-10-25 21:44:30.459518592
John Jenkins,Phoenix Suns,23.0,SG,25.0,6-4,215.0,Vanderbilt,981348.0,2016-11-02 21:31:54.223194736
Brandon Knight,Phoenix Suns,3.0,PG,24.0,6-3,189.0,Kentucky,13500000.0,2016-11-10 21:19:17.986870896
Alex Len,Phoenix Suns,21.0,C,22.0,7-1,260.0,Maryland,3807120.0,2016-11-18 21:06:41.750547040
Jon Leuer,Phoenix Suns,30.0,PF,27.0,6-10,228.0,Wisconsin,1035000.0,2016-11-26 20:54:05.514223184
Phil Pressey,Phoenix Suns,25.0,PG,25.0,5-11,175.0,Missouri,55722.0,2016-12-04 20:41:29.277899344
Ronnie Price,Phoenix Suns,14.0,PG,32.0,6-2,190.0,Utah Valley,947276.0,2016-12-12 20:28:53.041575488
Mirza Teletovic,Phoenix Suns,35.0,PF,30.0,6-9,242.0,,5500000.0,2016-12-20 20:16:16.805251632
P.J. Tucker,Phoenix Suns,17.0,SF,31.0,6-6,245.0,Texas,5500000.0,2016-12-28 20:03:40.568927776
T.J. Warren,Phoenix Suns,12.0,SF,22.0,6-8,230.0,North Carolina State,2041080.0,2017-01-05 19:51:04.332603936
Alan Williams,Phoenix Suns,15.0,C,23.0,6-8,260.0,UC Santa Barbara,83397.0,2017-01-13 19:38:28.096280080
Quincy Acy,Sacramento Kings,13.0,SF,25.0,6-7,240.0,Baylor,981348.0,2017-01-21 19:25:51.859956224
James Anderson,Sacramento Kings,5.0,SG,27.0,6-6,213.0,Oklahoma State,1015421.0,2017-01-29 19:13:15.623632384
Marco Belinelli,Sacramento Kings,3.0,SG,30.0,6-5,210.0,,6060606.0,2017-02-06 19:00:39.387308528
Caron Butler,Sacramento Kings,31.0,SF,36.0,6-7,228.0,Connecticut,1449187.0,2017-02-14 18:48:03.150984672
Omri Casspi,Sacramento Kings,18.0,SF,27.0,6-9,225.0,,2836186.0,2017-02-22 18:35:26.914660832
Willie Cauley-Stein,Sacramento Kings,0.0,C,22.0,7-0,240.0,Kentucky,3398280.0,2017-03-02 18:22:50.678336976
Darren Collison,Sacramento Kings,7.0,PG,28.0,6-0,175.0,UCLA,5013559.0,2017-03-10 18:10:14.442013120
DeMarcus Cousins,Sacramento Kings,15.0,C,25.0,6-11,270.0,Kentucky,15851950.0,2017-03-18 17:57:38.205689264
Seth Curry,Sacramento Kings,30.0,SG,25.0,6-2,185.0,Duke,947276.0,2017-03-26 17:45:01.969365424
Duje Dukan,Sacramento Kings,26.0,PF,24.0,6-9,220.0,Wisconsin,525093.0,2017-04-03 17:32:25.733041568
Rudy Gay,Sacramento Kings,8.0,SF,29.0,6-8,230.0,Connecticut,12403101.0,2017-04-11 17:19:49.496717712
Kosta Koufos,Sacramento Kings,41.0,C,27.0,7-0,265.0,Ohio State,7700000.0,2017-04-19 17:07:13.260393872
Ben McLemore,Sacramento Kings,23.0,SG,23.0,6-5,195.0,Kansas,3156600.0,2017-04-27 16:54:37.024070016
Eric Moreland,Sacramento Kings,25.0,PF,24.0,6-10,238.0,Oregon State,845059.0,2017-05-05 16:42:00.787746160
Rajon Rondo,Sacramento Kings,9.0,PG,30.0,6-1,186.0,Kentucky,9500000.0,2017-05-13 16:29:24.551422320
Cameron Bairstow,Chicago Bulls,41.0,PF,25.0,6-9,250.0,New Mexico,845059.0,2017-05-21 16:16:48.315098464
Aaron Brooks,Chicago Bulls,0.0,PG,31.0,6-0,161.0,Oregon,2250000.0,2017-05-29 16:04:12.078774608
Jimmy Butler,Chicago Bulls,21.0,SG,26.0,6-7,220.0,Marquette,16407500.0,2017-06-06 15:51:35.842450752
Mike Dunleavy,Chicago Bulls,34.0,SG,35.0,6-9,230.0,Duke,4500000.0,2017-06-14 15:38:59.606126912
Cristiano Felicio,Chicago Bulls,6.0,PF,23.0,6-10,275.0,,525093.0,2017-06-22 15:26:23.369803056
Pau Gasol,Chicago Bulls,16.0,C,35.0,7-0,250.0,,7448760.0,2017-06-30 15:13:47.133479200
Taj Gibson,Chicago Bulls,22.0,PF,30.0,6-9,225.0,USC,8500000.0,2017-07-08 15:01:10.897155360
Justin Holiday,Chicago Bulls,7.0,SG,27.0,6-6,185.0,Washington,947276.0,2017-07-16 14:48:34.660831504
Doug McDermott,Chicago Bulls,3.0,SF,24.0,6-8,225.0,Creighton,2380440.0,2017-07-24 14:35:58.424507648
Nikola Mirotic,Chicago Bulls,44.0,PF,25.0,6-10,220.0,,5543725.0,2017-08-01 14:23:22.188183808
E'Twaun Moore,Chicago Bulls,55.0,SG,27.0,6-4,191.0,Purdue,1015421.0,2017-08-09 14:10:45.951859952
Joakim Noah,Chicago Bulls,13.0,C,31.0,6-11,232.0,Florida,13400000.0,2017-08-17 13:58:09.715536096
Bobby Portis,Chicago Bulls,5.0,PF,21.0,6-11,230.0,Arkansas,1391160.0,2017-08-25 13:45:33.479212240
Derrick Rose,Chicago Bulls,1.0,PG,27.0,6-3,190.0,Memphis,20093064.0,2017-09-02 13:32:57.242888400
Tony Snell,Chicago Bulls,20.0,SF,24.0,6-7,200.0,New Mexico,1535880.0,2017-09-10 13:20:21.006564544
Matthew Dellavedova,Cleveland Cavaliers,8.0,PG,25.0,6-4,198.0,Saint Mary's,1147276.0,2017-09-18 13:07:44.770240688
Channing Frye,Cleveland Cavaliers,9.0,PF,33.0,6-11,255.0,Arizona,8193029.0,2017-09-26 12:55:08.533916848
Kyrie Irving,Cleveland Cavaliers,2.0,PG,24.0,6-3,193.0,Duke,16407501.0,2017-10-04 12:42:32.297592992
LeBron James,Cleveland Cavaliers,23.0,SF,31.0,6-8,250.0,,22970500.0,2017-10-12 12:29:56.061269136
Richard Jefferson,Cleveland Cavaliers,24.0,SF,35.0,6-7,233.0,Arizona,947276.0,2017-10-20 12:17:19.824945280
Dahntay Jones,Cleveland Cavaliers,30.0,SG,35.0,6-6,225.0,Duke,,2017-10-28 12:04:43.588621440
James Jones,Cleveland Cavaliers,1.0,SG,35.0,6-8,218.0,Miami (FL),947276.0,2017-11-05 11:52:07.352297584
Sasha Kaun,Cleveland Cavaliers,14.0,C,31.0,6-11,260.0,Kansas,1276000.0,2017-11-13 11:39:31.115973728
Kevin Love,Cleveland Cavaliers,0.0,PF,27.0,6-10,251.0,UCLA,19689000.0,2017-11-21 11:26:54.879649888
Jordan McRae,Cleveland Cavaliers,12.0,SG,25.0,6-5,179.0,Tennessee,111196.0,2017-11-29 11:14:18.643326032
Timofey Mozgov,Cleveland Cavaliers,20.0,C,29.0,7-1,275.0,,4950000.0,2017-12-07 11:01:42.407002176
Iman Shumpert,Cleveland Cavaliers,4.0,SG,25.0,6-5,220.0,Georgia Tech,8988765.0,2017-12-15 10:49:06.170678336
J.R. Smith,Cleveland Cavaliers,5.0,SG,30.0,6-6,225.0,,5000000.0,2017-12-23 10:36:29.934354480
Tristan Thompson,Cleveland Cavaliers,13.0,C,25.0,6-9,238.0,Texas,14260870.0,2017-12-31 10:23:53.698030624
Mo Williams,Cleveland Cavaliers,52.0,PG,33.0,6-1,198.0,Alabama,2100000.0,2018-01-08 10:11:17.461706768
Joel Anthony,Detroit Pistons,50.0,C,33.0,6-9,245.0,UNLV,2500000.0,2018-01-16 09:58:41.225382928
Aron Baynes,Detroit Pistons,12.0,C,29.0,6-10,260.0,Washington State,6500000.0,2018-01-24 09:46:04.989059072
Steve Blake,Detroit Pistons,22.0,PG,36.0,6-3,172.0,Maryland,2170465.0,2018-02-01 09:33:28.752735216
Lorenzo Brown,Detroit Pistons,17.0,PG,25.0,6-5,189.0,North Carolina State,111444.0,2018-02-09 09:20:52.516411376
Reggie Bullock,Detroit Pistons,25.0,SF,25.0,6-7,205.0,North Carolina,1252440.0,2018-02-17 09:08:16.280087520
Kentavious Caldwell-Pope,Detroit Pistons,5.0,SG,23.0,6-5,205.0,Georgia,2891760.0,2018-02-25 08:55:40.043763664
Spencer Dinwiddie,Detroit Pistons,8.0,PG,23.0,6-6,200.0,Colorado,845059.0,2018-03-05 08:43:03.807439824
Andre Drummond,Detroit Pistons,0.0,C,22.0,6-11,279.0,Connecticut,3272091.0,2018-03-13 08:30:27.571115968
Tobias Harris,Detroit Pistons,34.0,SF,23.0,6-9,235.0,Tennessee,16000000.0,2018-03-21 08:17:51.334792112
Darrun Hilliard,Detroit Pistons,6.0,SF,23.0,6-6,205.0,Villanova,600000.0,2018-03-29 08:05:15.098468256
Reggie Jackson,Detroit Pistons,1.0,PG,26.0,6-3,208.0,Boston College,13913044.0,2018-04-06 07:52:38.862144416
Stanley Johnson,Detroit Pistons,3.0,SF,20.0,6-7,245.0,Arizona,2841960.0,2018-04-14 07:40:02.625820560
Jodie Meeks,Detroit Pistons,20.0,SG,28.0,6-4,210.0,Kentucky,6270000.0,2018-04-22 07:27:26.389496704
Marcus Morris,Detroit Pistons,13.0,PF,26.0,6-9,235.0,Kansas,5000000.0,2018-04-30 07:14:50.153172864
Anthony Tolliver,Detroit Pistons,43.0,PF,31.0,6-8,240.0,Creighton,3000000.0,2018-05-08 07:02:13.916849008
Lavoy Allen,Indiana Pacers,5.0,PF,27.0,6-9,255.0,Temple,4050000.0,2018-05-16 06:49:37.680525152
Rakeem Christmas,Indiana Pacers,25.0,PF,24.0,6-9,250.0,Syracuse,1007026.0,2018-05-24 06:37:01.444201296
Monta Ellis,Indiana Pacers,11.0,SG,30.0,6-3,185.0,,10300000.0,2018-06-01 06:24:25.207877456
Paul George,Indiana Pacers,13.0,SF,26.0,6-9,220.0,Fresno State,17120106.0,2018-06-09 06:11:48.971553600
George Hill,Indiana Pacers,3.0,PG,30.0,6-3,188.0,IUPUI,8000000.0,2018-06-17 05:59:12.735229744
Jordan Hill,Indiana Pacers,27.0,C,28.0,6-10,235.0,Arizona,4000000.0,2018-06-25 05:46:36.498905904
Solomon Hill,Indiana Pacers,44.0,SF,25.0,6-7,225.0,Arizona,1358880.0,2018-07-03 05:34:00.262582048
Ty Lawson,Indiana Pacers,10.0,PG,28.0,5-11,195.0,North Carolina,211744.0,2018-07-11 05:21:24.026258192
Ian Mahinmi,Indiana Pacers,28.0,C,29.0,6-11,250.0,,4000000.0,2018-07-19 05:08:47.789934352
C.J. Miles,Indiana Pacers,0.0,SF,29.0,6-6,231.0,,4394225.0,2018-07-27 04:56:11.553610496
Glenn Robinson III,Indiana Pacers,40.0,SG,22.0,6-7,222.0,Michigan,1100000.0,2018-08-04 04:43:35.317286640
Rodney Stuckey,Indiana Pacers,2.0,PG,30.0,6-5,205.0,Eastern Washington,7000000.0,2018-08-12 04:30:59.080962784
Myles Turner,Indiana Pacers,33.0,PF,20.0,6-11,243.0,Texas,2357760.0,2018-08-20 04:18:22.844638944
Shayne Whittington,Indiana Pacers,42.0,PF,25.0,6-11,250.0,Western Michigan,845059.0,2018-08-28 04:05:46.608315104
Joe Young,Indiana Pacers,1.0,PG,23.0,6-2,180.0,Oregon,1007026.0,2018-09-05 03:53:10.371991232
Giannis Antetokounmpo,Milwaukee Bucks,34.0,SF,21.0,6-11,222.0,,1953960.0,2018-09-13 03:40:34.135667392
Jerryd Bayless,Milwaukee Bucks,19.0,PG,27.0,6-3,200.0,Arizona,3000000.0,2018-09-21 03:27:57.899343520
Michael Carter-Williams,Milwaukee Bucks,5.0,PG,24.0,6-6,190.0,Syracuse,2399040.0,2018-09-29 03:15:21.663019680
Jared Cunningham,Milwaukee Bucks,9.0,SG,25.0,6-4,195.0,Oregon State,947276.0,2018-10-07 03:02:45.426695840
Tyler Ennis,Milwaukee Bucks,11.0,PG,21.0,6-3,194.0,Syracuse,1662360.0,2018-10-15 02:50:09.190371968
John Henson,Milwaukee Bucks,31.0,PF,25.0,6-11,229.0,North Carolina,2943221.0,2018-10-23 02:37:32.954048128
Damien Inglis,Milwaukee Bucks,17.0,SF,21.0,6-8,246.0,,855000.0,2018-10-31 02:24:56.717724288
O.J. Mayo,Milwaukee Bucks,3.0,SG,28.0,6-5,210.0,USC,8000000.0,2018-11-08 02:12:20.481400416
Khris Middleton,Milwaukee Bucks,22.0,SG,24.0,6-8,234.0,Texas A&M,14700000.0,2018-11-16 01:59:44.245076576
Greg Monroe,Milwaukee Bucks,15.0,C,26.0,6-11,265.0,Georgetown,16407500.0,2018-11-24 01:47:08.008752736
Steve Novak,Milwaukee Bucks,6.0,SF,32.0,6-10,225.0,Marquette,295327.0,2018-12-02 01:34:31.772428864
Johnny O'Bryant III,Milwaukee Bucks,77.0,PF,23.0,6-9,257.0,LSU,845059.0,2018-12-10 01:21:55.536105024
Jabari Parker,Milwaukee Bucks,12.0,PF,21.0,6-8,250.0,Duke,5152440.0,2018-12-18 01:09:19.299781184
Miles Plumlee,Milwaukee Bucks,18.0,C,27.0,6-11,249.0,Duke,2109294.0,2018-12-26 00:56:43.063457312
Greivis Vasquez,Milwaukee Bucks,21.0,PG,29.0,6-6,217.0,Maryland,6600000.0,2019-01-03 00:44:06.827133472
Rashad Vaughn,Milwaukee Bucks,20.0,SG,19.0,6-6,202.0,UNLV,1733040.0,2019-01-11 00:31:30.590809632
Justin Anderson,Dallas Mavericks,1.0,SG,22.0,6-6,228.0,Virginia,1449000.0,2019-01-19 00:18:54.354485760
J.J. Barea,Dallas Mavericks,5.0,PG,31.0,6-0,185.0,Northeastern,4290000.0,2019-01-27 00:06:18.118161920
Jeremy Evans,Dallas Mavericks,21.0,SF,28.0,6-9,200.0,Western Kentucky,1100602.0,2019-02-03 23:53:41.881838048
Raymond Felton,Dallas Mavericks,2.0,PG,31.0,6-1,205.0,North Carolina,3950313.0,2019-02-11 23:41:05.645514208
Devin Harris,Dallas Mavericks,34.0,PG,33.0,6-3,185.0,Wisconsin,4053446.0,2019-02-19 23:28:29.409190368
David Lee,Dallas Mavericks,42.0,PF,33.0,6-9,245.0,Florida,2085671.0,2019-02-27 23:15:53.172866496
Wesley Matthews,Dallas Mavericks,23.0,SG,29.0,6-5,220.0,Marquette,16407500.0,2019-03-07 23:03:16.936542656
JaVale McGee,Dallas Mavericks,11.0,C,28.0,7-0,270.0,Nevada,1270964.0,2019-03-15 22:50:40.700218816
Salah Mejri,Dallas Mavericks,50.0,C,29.0,7-2,245.0,,525093.0,2019-03-23 22:38:04.463894944
Dirk Nowitzki,Dallas Mavericks,41.0,PF,37.0,7-0,245.0,,8333334.0,2019-03-31 22:25:28.227571104
Zaza Pachulia,Dallas Mavericks,27.0,C,32.0,6-11,275.0,,5200000.0,2019-04-08 22:12:51.991247264
Chandler Parsons,Dallas Mavericks,25.0,SF,27.0,6-10,230.0,Florida,15361500.0,2019-04-16 22:00:15.754923392
Dwight Powell,Dallas Mavericks,7.0,PF,24.0,6-11,240.0,Stanford,845059.0,2019-04-24 21:47:39.518599552
Charlie Villanueva,Dallas Mavericks,3.0,PF,31.0,6-11,232.0,Connecticut,947276.0,2019-05-02 21:35:03.282275712
Deron Williams,Dallas Mavericks,8.0,PG,31.0,6-3,200.0,Illinois,5378974.0,2019-05-10 21:22:27.045951840
Trevor Ariza,Houston Rockets,1.0,SF,30.0,6-8,215.0,UCLA,8193030.0,2019-05-18 21:09:50.809628000
Michael Beasley,Houston Rockets,8.0,SF,27.0,6-10,235.0,Kansas State,306527.0,2019-05-26 20:57:14.573304160
Patrick Beverley,Houston Rockets,2.0,PG,27.0,6-1,185.0,Arkansas,6486486.0,2019-06-03 20:44:38.336980288
Corey Brewer,Houston Rockets,33.0,SG,30.0,6-9,186.0,Florida,8229375.0,2019-06-11 20:32:02.100656448
Clint Capela,Houston Rockets,15.0,PF,22.0,6-10,240.0,,1242720.0,2019-06-19 20:19:25.864332608
Sam Dekker,Houston Rockets,7.0,SF,22.0,6-9,230.0,Wisconsin,1646400.0,2019-06-27 20:06:49.628008736
Andrew Goudelock,Houston Rockets,0.0,PG,27.0,6-3,200.0,Charleston,200600.0,2019-07-05 19:54:13.391684896
James Harden,Houston Rockets,13.0,SG,26.0,6-5,220.0,Arizona State,15756438.0,2019-07-13 19:41:37.155361024
Montrezl Harrell,Houston Rockets,35.0,PF,22.0,6-8,240.0,Louisville,1000000.0,2019-07-21 19:29:00.919037184
Dwight Howard,Houston Rockets,12.0,C,30.0,6-11,265.0,,22359364.0,2019-07-29 19:16:24.682713344
Terrence Jones,Houston Rockets,6.0,PF,24.0,6-9,252.0,Kentucky,2489530.0,2019-08-06 19:03:48.446389472
K.J. McDaniels,Houston Rockets,32.0,SG,23.0,6-6,205.0,Clemson,3189794.0,2019-08-14 18:51:12.210065632
Donatas Motiejunas,Houston Rockets,20.0,PF,25.0,7-0,222.0,,2288205.0,2019-08-22 18:38:35.973741792
Josh Smith,Houston Rockets,5.0,C,30.0,6-9,225.0,,947276.0,2019-08-30 18:25:59.737417920
Jason Terry,Houston Rockets,31.0,SG,38.0,6-2,185.0,Arizona,947276.0,2019-09-07 18:13:23.501094080
Jordan Adams,Memphis Grizzlies,3.0,SG,21.0,6-5,209.0,UCLA,1404600.0,2019-09-15 18:00:47.264770240
Tony Allen,Memphis Grizzlies,9.0,SG,34.0,6-4,213.0,Oklahoma State,5158539.0,2019-09-23 17:48:11.028446368
Chris Andersen,Memphis Grizzlies,7.0,PF,37.0,6-10,245.0,Blinn College,5000000.0,2019-10-01 17:35:34.792122528
Matt Barnes,Memphis Grizzlies,22.0,SF,36.0,6-7,226.0,UCLA,3542500.0,2019-10-09 17:22:58.555798688
Vince Carter,Memphis Grizzlies,15.0,SG,39.0,6-6,220.0,North Carolina,4088019.0,2019-10-17 17:10:22.319474816
Mike Conley,Memphis Grizzlies,11.0,PG,28.0,6-1,175.0,Ohio State,9588426.0,2019-10-25 16:57:46.083150976
Bryce Cotton,Memphis Grizzlies,8.0,PG,23.0,6-1,165.0,Providence,700902.0,2019-11-02 16:45:09.846827136
Jordan Farmar,Memphis Grizzlies,4.0,PG,29.0,6-2,180.0,UCLA,,2019-11-10 16:32:33.610503264
Marc Gasol,Memphis Grizzlies,33.0,C,31.0,7-1,255.0,,19688000.0,2019-11-18 16:19:57.374179424
JaMychal Green,Memphis Grizzlies,0.0,PF,25.0,6-9,227.0,Alabama,845059.0,2019-11-26 16:07:21.137855552
P.J. Hairston,Memphis Grizzlies,19.0,SF,23.0,6-6,230.0,North Carolina,1201440.0,2019-12-04 15:54:44.901531712
Jarell Martin,Memphis Grizzlies,10.0,PF,22.0,6-10,239.0,LSU,1230840.0,2019-12-12 15:42:08.665207872
Ray McCallum,Memphis Grizzlies,5.0,PG,24.0,6-3,190.0,Detroit,,2019-12-20 15:29:32.428884000
Xavier Munford,Memphis Grizzlies,14.0,PG,24.0,6-3,180.0,Rhode Island,,2019-12-28 15:16:56.192560160
Zach Randolph,Memphis Grizzlies,50.0,PF,34.0,6-9,260.0,Michigan State,9638555.0,2020-01-05 15:04:19.956236320
Lance Stephenson,Memphis Grizzlies,1.0,SF,25.0,6-5,230.0,Cincinnati,9000000.0,2020-01-13 14:51:43.719912448
Alex Stepheson,Memphis Grizzlies,35.0,PF,28.0,6-10,270.0,USC,,2020-01-21 14:39:07.483588608
Brandan Wright,Memphis Grizzlies,34.0,PF,28.0,6-10,210.0,North Carolina,5464000.0,2020-01-29 14:26:31.247264768
Alexis Ajinca,New Orleans Pelicans,42.0,C,28.0,7-2,248.0,,4389607.0,2020-02-06 14:13:55.010940896
Ryan Anderson,New Orleans Pelicans,33.0,PF,28.0,6-10,240.0,California,8500000.0,2020-02-14 14:01:18.774617056
Omer Asik,New Orleans Pelicans,3.0,C,29.0,7-0,255.0,,9213483.0,2020-02-22 13:48:42.538293216
Luke Babbitt,New Orleans Pelicans,8.0,SF,26.0,6-9,225.0,Nevada,1100602.0,2020-03-01 13:36:06.301969344
Norris Cole,New Orleans Pelicans,30.0,PG,27.0,6-2,175.0,Cleveland State,3036927.0,2020-03-09 13:23:30.065645504
Dante Cunningham,New Orleans Pelicans,44.0,PF,29.0,6-8,230.0,Villanova,2850000.0,2020-03-17 13:10:53.829321664
Anthony Davis,New Orleans Pelicans,23.0,PF,23.0,6-10,253.0,Kentucky,7070730.0,2020-03-25 12:58:17.592997792
Bryce Dejean-Jones,New Orleans Pelicans,31.0,SG,23.0,6-6,203.0,Iowa State,169883.0,2020-04-02 12:45:41.356673952
Toney Douglas,New Orleans Pelicans,16.0,PG,30.0,6-2,195.0,Florida State,1164858.0,2020-04-10 12:33:05.120350112
James Ennis,New Orleans Pelicans,4.0,SF,25.0,6-7,210.0,Long Beach State,845059.0,2020-04-18 12:20:28.884026240
Tyreke Evans,New Orleans Pelicans,1.0,SG,26.0,6-6,220.0,Memphis,10734586.0,2020-04-26 12:07:52.647702400
Tim Frazier,New Orleans Pelicans,2.0,PG,25.0,6-1,170.0,Penn State,845059.0,2020-05-04 11:55:16.411378528
Alonzo Gee,New Orleans Pelicans,15.0,SF,29.0,6-6,225.0,Alabama,1320000.0,2020-05-12 11:42:40.175054688
Eric Gordon,New Orleans Pelicans,10.0,SG,27.0,6-4,215.0,Indiana,15514031.0,2020-05-20 11:30:03.938730848
Jordan Hamilton,New Orleans Pelicans,25.0,SG,25.0,6-7,220.0,Texas,1015421.0,2020-05-28 11:17:27.702406976
Jrue Holiday,New Orleans Pelicans,11.0,PG,25.0,6-4,205.0,UCLA,10595507.0,2020-06-05 11:04:51.466083136
Orlando Johnson,New Orleans Pelicans,0.0,SG,27.0,6-5,220.0,UC Santa Barbara,55722.0,2020-06-13 10:52:15.229759296
Kendrick Perkins,New Orleans Pelicans,5.0,C,31.0,6-10,270.0,,947276.0,2020-06-21 10:39:38.993435424
Quincy Pondexter,New Orleans Pelicans,20.0,SF,28.0,6-7,220.0,Washington,3382023.0,2020-06-29 10:27:02.757111584
LaMarcus Aldridge,San Antonio Spurs,12.0,PF,30.0,6-11,240.0,Texas,19689000.0,2020-07-07 10:14:26.520787744
Kyle Anderson,San Antonio Spurs,1.0,SF,22.0,6-9,230.0,UCLA,1142880.0,2020-07-15 10:01:50.284463872
Matt Bonner,San Antonio Spurs,15.0,C,36.0,6-10,235.0,Florida,947276.0,2020-07-23 09:49:14.048140032
Boris Diaw,San Antonio Spurs,33.0,C,34.0,6-8,250.0,,7500000.0,2020-07-31 09:36:37.811816192
Tim Duncan,San Antonio Spurs,21.0,C,40.0,6-11,250.0,Wake Forest,5250000.0,2020-08-08 09:24:01.575492320
Manu Ginobili,San Antonio Spurs,20.0,SG,38.0,6-6,205.0,,2814000.0,2020-08-16 09:11:25.339168480
Danny Green,San Antonio Spurs,14.0,SG,28.0,6-6,215.0,North Carolina,10000000.0,2020-08-24 08:58:49.102844640
Kawhi Leonard,San Antonio Spurs,2.0,SF,24.0,6-7,230.0,San Diego State,16407500.0,2020-09-01 08:46:12.866520768
Boban Marjanovic,San Antonio Spurs,40.0,C,27.0,7-3,290.0,,1200000.0,2020-09-09 08:33:36.630196928
Kevin Martin,San Antonio Spurs,23.0,SG,33.0,6-7,199.0,Western Carolina,200600.0,2020-09-17 08:21:00.393873056
Andre Miller,San Antonio Spurs,24.0,PG,40.0,6-3,200.0,Utah,250750.0,2020-09-25 08:08:24.157549216
Patty Mills,San Antonio Spurs,8.0,PG,27.0,6-0,185.0,Saint Mary's,3578947.0,2020-10-03 07:55:47.921225376
Tony Parker,San Antonio Spurs,9.0,PG,34.0,6-2,185.0,,13437500.0,2020-10-11 07:43:11.684901504
Jonathon Simmons,San Antonio Spurs,17.0,SG,26.0,6-6,195.0,Houston,525093.0,2020-10-19 07:30:35.448577664
David West,San Antonio Spurs,30.0,PF,35.0,6-9,250.0,Xavier,1499187.0,2020-10-27 07:17:59.212253824
Kent Bazemore,Atlanta Hawks,24.0,SF,26.0,6-5,201.0,Old Dominion,2000000.0,2020-11-04 07:05:22.975929952
Tim Hardaway Jr.,Atlanta Hawks,10.0,SG,24.0,6-6,205.0,Michigan,1304520.0,2020-11-12 06:52:46.739606112
Kirk Hinrich,Atlanta Hawks,12.0,SG,35.0,6-4,190.0,Kansas,2854940.0,2020-11-20 06:40:10.503282272
Al Horford,Atlanta Hawks,15.0,C,30.0,6-10,245.0,Florida,12000000.0,2020-11-28 06:27:34.266958400
Kris Humphries,Atlanta Hawks,43.0,PF,31.0,6-9,235.0,Minnesota,1000000.0,2020-12-06 06:14:58.030634560
Kyle Korver,Atlanta Hawks,26.0,SG,35.0,6-7,212.0,Creighton,5746479.0,2020-12-14 06:02:21.794310720
Paul Millsap,Atlanta Hawks,4.0,PF,31.0,6-8,246.0,Louisiana Tech,18671659.0,2020-12-22 05:49:45.557986848
Mike Muscala,Atlanta Hawks,31.0,PF,24.0,6-11,240.0,Bucknell,947276.0,2020-12-30 05:37:09.321663008
Lamar Patterson,Atlanta Hawks,13.0,SG,24.0,6-5,225.0,Pittsburgh,525093.0,2021-01-07 05:24:33.085339168
Dennis Schroder,Atlanta Hawks,17.0,PG,22.0,6-1,172.0,,1763400.0,2021-01-15 05:11:56.849015296
Mike Scott,Atlanta Hawks,32.0,PF,27.0,6-8,237.0,Virginia,3333333.0,2021-01-23 04:59:20.612691456
Thabo Sefolosha,Atlanta Hawks,25.0,SF,32.0,6-7,220.0,,4000000.0,2021-01-31 04:46:44.376367616
Tiago Splitter,Atlanta Hawks,11.0,C,31.0,6-11,245.0,,9756250.0,2021-02-08 04:34:08.140043744
Walter Tavares,Atlanta Hawks,22.0,C,24.0,7-3,260.0,,1000000.0,2021-02-16 04:21:31.903719904
Jeff Teague,Atlanta Hawks,0.0,PG,27.0,6-2,186.0,Wake Forest,8000000.0,2021-02-24 04:08:55.667396032
Nicolas Batum,Charlotte Hornets,5.0,SG,27.0,6-8,200.0,,13125306.0,2021-03-04 03:56:19.431072192
Troy Daniels,Charlotte Hornets,30.0,SG,24.0,6-4,205.0,Virginia Commonwealth,947276.0,2021-03-12 03:43:43.194748352
Jorge Gutierrez,Charlotte Hornets,12.0,PG,27.0,6-3,189.0,California,189455.0,2021-03-20 03:31:06.958424480
Tyler Hansbrough,Charlotte Hornets,50.0,PF,30.0,6-9,250.0,North Carolina,947276.0,2021-03-28 03:18:30.722100640
Aaron Harrison,Charlotte Hornets,9.0,SG,21.0,6-6,210.0,Kentucky,525093.0,2021-04-05 03:05:54.485776800
Spencer Hawes,Charlotte Hornets,0.0,PF,28.0,7-1,245.0,Washington,6110034.0,2021-04-13 02:53:18.249452928
Al Jefferson,Charlotte Hornets,25.0,C,31.0,6-10,289.0,,13500000.0,2021-04-21 02:40:42.013129088
Frank Kaminsky III,Charlotte Hornets,44.0,C,23.0,7-0,240.0,Wisconsin,2612520.0,2021-04-29 02:28:05.776805248
Michael Kidd-Gilchrist,Charlotte Hornets,14.0,SF,22.0,6-7,232.0,Kentucky,6331404.0,2021-05-07 02:15:29.540481376
Jeremy Lamb,Charlotte Hornets,3.0,SG,24.0,6-5,185.0,Connecticut,3034356.0,2021-05-15 02:02:53.304157536
Courtney Lee,Charlotte Hornets,1.0,SG,30.0,6-5,200.0,Western Kentucky,5675000.0,2021-05-23 01:50:17.067833696
Jeremy Lin,Charlotte Hornets,7.0,PG,27.0,6-3,200.0,Harvard,2139000.0,2021-05-31 01:37:40.831509824
Kemba Walker,Charlotte Hornets,15.0,PG,26.0,6-1,184.0,Connecticut,12000000.0,2021-06-08 01:25:04.595185984
Marvin Williams,Charlotte Hornets,2.0,PF,29.0,6-9,237.0,North Carolina,7000000.0,2021-06-16 01:12:28.358862144
Cody Zeller,Charlotte Hornets,40.0,C,23.0,7-0,240.0,Indiana,4204200.0,2021-06-24 00:59:52.122538272
Chris Bosh,Miami Heat,1.0,PF,32.0,6-11,235.0,Georgia Tech,22192730.0,2021-07-02 00:47:15.886214432
Luol Deng,Miami Heat,9.0,SF,31.0,6-9,220.0,Duke,10151612.0,2021-07-10 00:34:39.649890560
Goran Dragic,Miami Heat,7.0,PG,30.0,6-3,190.0,,14783000.0,2021-07-18 00:22:03.413566720
Gerald Green,Miami Heat,14.0,SF,30.0,6-7,205.0,,947276.0,2021-07-26 00:09:27.177242880
Udonis Haslem,Miami Heat,40.0,PF,36.0,6-8,235.0,Florida,2854940.0,2021-08-02 23:56:50.940919008
Joe Johnson,Miami Heat,2.0,SF,34.0,6-7,240.0,Arkansas,261894.0,2021-08-10 23:44:14.704595168
Tyler Johnson,Miami Heat,8.0,SG,24.0,6-4,186.0,Fresno State,845059.0,2021-08-18 23:31:38.468271328
Josh McRoberts,Miami Heat,4.0,PF,29.0,6-10,240.0,Duke,5543725.0,2021-08-26 23:19:02.231947456
Josh Richardson,Miami Heat,0.0,SG,22.0,6-6,200.0,Tennessee,525093.0,2021-09-03 23:06:25.995623616
Amar'e Stoudemire,Miami Heat,5.0,PF,33.0,6-10,245.0,,947276.0,2021-09-11 22:53:49.759299776
Dwyane Wade,Miami Heat,3.0,SG,34.0,6-4,220.0,Marquette,20000000.0,2021-09-19 22:41:13.522975904
Briante Weber,Miami Heat,12.0,PG,23.0,6-2,165.0,Virginia Commonwealth,,2021-09-27 22:28:37.286652064
Hassan Whiteside,Miami Heat,21.0,C,26.0,7-0,265.0,Marshall,981348.0,2021-10-05 22:16:01.050328224
Justise Winslow,Miami Heat,20.0,SF,20.0,6-7,225.0,Duke,2481720.0,2021-10-13 22:03:24.814004352
Dorell Wright,Miami Heat,11.0,SF,30.0,6-9,205.0,,,2021-10-21 21:50:48.577680512
Dewayne Dedmon,Orlando Magic,3.0,C,26.0,7-0,245.0,USC,947276.0,2021-10-29 21:38:12.341356672
Evan Fournier,Orlando Magic,10.0,SG,23.0,6-7,205.0,,2288205.0,2021-11-06 21:25:36.105032800
Aaron Gordon,Orlando Magic,0.0,PF,20.0,6-9,220.0,Arizona,4171680.0,2021-11-14 21:12:59.868708960
Mario Hezonja,Orlando Magic,23.0,SG,21.0,6-8,218.0,,3741480.0,2021-11-22 21:00:23.632385088
Ersan Ilyasova,Orlando Magic,7.0,PF,29.0,6-10,235.0,,7900000.0,2021-11-30 20:47:47.396061248
Brandon Jennings,Orlando Magic,55.0,PG,26.0,6-1,169.0,,8344497.0,2021-12-08 20:35:11.159737408
Devyn Marble,Orlando Magic,11.0,SF,23.0,6-6,200.0,Iowa,845059.0,2021-12-16 20:22:34.923413536
Shabazz Napier,Orlando Magic,13.0,PG,24.0,6-1,175.0,Connecticut,1294440.0,2021-12-24 20:09:58.687089696
Andrew Nicholson,Orlando Magic,44.0,PF,26.0,6-9,250.0,St. Bonaventure,2380593.0,2022-01-01 19:57:22.450765856
Victor Oladipo,Orlando Magic,5.0,SG,24.0,6-4,210.0,Indiana,5192520.0,2022-01-09 19:44:46.214441984
Elfrid Payton,Orlando Magic,4.0,PG,22.0,6-4,185.0,Louisiana-Lafayette,2505720.0,2022-01-17 19:32:09.978118144
Jason Smith,Orlando Magic,14.0,PF,30.0,7-0,240.0,Colorado State,4300000.0,2022-01-25 19:19:33.741794304
Nikola Vucevic,Orlando Magic,9.0,C,25.0,7-0,260.0,USC,11250000.0,2022-02-02 19:06:57.505470432
C.J. Watson,Orlando Magic,32.0,PG,32.0,6-2,175.0,Tennessee,5000000.0,2022-02-10 18:54:21.269146592
Alan Anderson,Washington Wizards,6.0,SG,33.0,6-6,220.0,Michigan State,4000000.0,2022-02-18 18:41:45.032822752
Bradley Beal,Washington Wizards,3.0,SG,22.0,6-5,207.0,Florida,5694674.0,2022-02-26 18:29:08.796498880
Jared Dudley,Washington Wizards,1.0,SF,30.0,6-7,225.0,Boston College,4375000.0,2022-03-06 18:16:32.560175040
Jarell Eddie,Washington Wizards,8.0,SG,24.0,6-7,218.0,Virginia Tech,561716.0,2022-03-14 18:03:56.323851200
Drew Gooden,Washington Wizards,90.0,PF,34.0,6-10,250.0,Kansas,3300000.0,2022-03-22 17:51:20.087527328
Marcin Gortat,Washington Wizards,13.0,C,32.0,6-11,240.0,,11217391.0,2022-03-30 17:38:43.851203488
JJ Hickson,Washington Wizards,21.0,C,27.0,6-9,242.0,North Carolina State,273038.0,2022-04-07 17:26:07.614879648
Nene Hilario,Washington Wizards,42.0,C,33.0,6-11,250.0,,13000000.0,2022-04-15 17:13:31.378555776
Markieff Morris,Washington Wizards,5.0,PF,26.0,6-10,245.0,Kansas,8000000.0,2022-04-23 17:00:55.142231936
Kelly Oubre Jr.,Washington Wizards,12.0,SF,20.0,6-7,205.0,Kansas,1920240.0,2022-05-01 16:48:18.905908064
Otto Porter Jr.,Washington Wizards,22.0,SF,23.0,6-8,198.0,Georgetown,4662960.0,2022-05-09 16:35:42.669584224
Ramon Sessions,Washington Wizards,7.0,PG,30.0,6-3,190.0,Nevada,2170465.0,2022-05-17 16:23:06.433260384
Garrett Temple,Washington Wizards,17.0,SG,30.0,6-6,195.0,LSU,1100602.0,2022-05-25 16:10:30.196936512
Marcus Thornton,Washington Wizards,15.0,SF,29.0,6-4,205.0,LSU,200600.0,2022-06-02 15:57:53.960612672
John Wall,Washington Wizards,2.0,PG,25.0,6-4,195.0,Kentucky,15851950.0,2022-06-10 15:45:17.724288832
Darrell Arthur,Denver Nuggets,0.0,PF,28.0,6-9,235.0,Kansas,2814000.0,2022-06-18 15:32:41.487964960
D.J. Augustin,Denver Nuggets,12.0,PG,28.0,6-0,183.0,Texas,3000000.0,2022-06-26 15:20:05.251641120
Will Barton,Denver Nuggets,5.0,SF,25.0,6-6,175.0,Memphis,3533333.0,2022-07-04 15:07:29.015317280
Wilson Chandler,Denver Nuggets,21.0,SF,29.0,6-8,225.0,DePaul,10449438.0,2022-07-12 14:54:52.778993408
Kenneth Faried,Denver Nuggets,35.0,PF,26.0,6-8,228.0,Morehead State,11235955.0,2022-07-20 14:42:16.542669568
Danilo Gallinari,Denver Nuggets,8.0,SF,27.0,6-10,225.0,,14000000.0,2022-07-28 14:29:40.306345728
Gary Harris,Denver Nuggets,14.0,SG,21.0,6-4,210.0,Michigan State,1584480.0,2022-08-05 14:17:04.070021856
Nikola Jokic,Denver Nuggets,15.0,C,21.0,6-10,250.0,,1300000.0,2022-08-13 14:04:27.833698016
Joffrey Lauvergne,Denver Nuggets,77.0,C,24.0,6-11,220.0,,1709719.0,2022-08-21 13:51:51.597374176
Mike Miller,Denver Nuggets,3.0,SG,36.0,6-8,218.0,Florida,947276.0,2022-08-29 13:39:15.361050304
Emmanuel Mudiay,Denver Nuggets,0.0,PG,20.0,6-5,200.0,,3102240.0,2022-09-06 13:26:39.124726464
Jameer Nelson,Denver Nuggets,1.0,PG,34.0,6-0,190.0,Saint Joseph's,4345000.0,2022-09-14 13:14:02.888402592
Jusuf Nurkic,Denver Nuggets,23.0,C,21.0,7-0,280.0,,1842000.0,2022-09-22 13:01:26.652078752
JaKarr Sampson,Denver Nuggets,9.0,SG,23.0,6-9,214.0,St. John's,258489.0,2022-09-30 12:48:50.415754912
Axel Toupane,Denver Nuggets,6.0,SG,23.0,6-7,210.0,,,2022-10-08 12:36:14.179431040
Nemanja Bjelica,Minnesota Timberwolves,88.0,PF,28.0,6-10,240.0,,3950001.0,2022-10-16 12:23:37.943107200
Gorgui Dieng,Minnesota Timberwolves,5.0,C,26.0,6-11,241.0,Louisville,1474440.0,2022-10-24 12:11:01.706783360
Kevin Garnett,Minnesota Timberwolves,21.0,PF,40.0,6-11,240.0,,8500000.0,2022-11-01 11:58:25.470459488
Tyus Jones,Minnesota Timberwolves,1.0,PG,20.0,6-2,195.0,Duke,1282080.0,2022-11-09 11:45:49.234135648
Zach LaVine,Minnesota Timberwolves,8.0,PG,21.0,6-5,189.0,UCLA,2148360.0,2022-11-17 11:33:12.997811808
Shabazz Muhammad,Minnesota Timberwolves,15.0,SF,23.0,6-6,223.0,UCLA,2056920.0,2022-11-25 11:20:36.761487936
Adreian Payne,Minnesota Timberwolves,33.0,PF,25.0,6-10,237.0,Michigan State,1938840.0,2022-12-03 11:08:00.525164096
Nikola Pekovic,Minnesota Timberwolves,14.0,C,30.0,6-11,307.0,,12100000.0,2022-12-11 10:55:24.288840256
Tayshaun Prince,Minnesota Timberwolves,12.0,SF,36.0,6-9,212.0,Kentucky,947276.0,2022-12-19 10:42:48.052516384
Ricky Rubio,Minnesota Timberwolves,9.0,PG,25.0,6-4,194.0,,12700000.0,2022-12-27 10:30:11.816192544
Damjan Rudez,Minnesota Timberwolves,10.0,SF,29.0,6-9,230.0,,1149500.0,2023-01-04 10:17:35.579868704
Greg Smith,Minnesota Timberwolves,4.0,PF,25.0,6-10,250.0,Fresno State,,2023-01-12 10:04:59.343544832
Karl-Anthony Towns,Minnesota Timberwolves,32.0,C,20.0,7-0,244.0,Kentucky,5703600.0,2023-01-20 09:52:23.107220992
Andrew Wiggins,Minnesota Timberwolves,22.0,SG,21.0,6-8,199.0,Kansas,5758680.0,2023-01-28 09:39:46.870897152
Steven Adams,Oklahoma City Thunder,12.0,C,22.0,7-0,255.0,Pittsburgh,2279040.0,2023-02-05 09:27:10.634573280
Nick Collison,Oklahoma City Thunder,4.0,PF,35.0,6-10,255.0,Kansas,3750000.0,2023-02-13 09:14:34.398249440
Kevin Durant,Oklahoma City Thunder,35.0,SF,27.0,6-9,240.0,Texas,20158622.0,2023-02-21 09:01:58.161925568
Randy Foye,Oklahoma City Thunder,6.0,SG,32.0,6-4,213.0,Villanova,3135000.0,2023-03-01 08:49:21.925601728
Josh Huestis,Oklahoma City Thunder,34.0,SF,24.0,6-7,230.0,Stanford,1140240.0,2023-03-09 08:36:45.689277888
Serge Ibaka,Oklahoma City Thunder,9.0,PF,26.0,6-10,245.0,,12250000.0,2023-03-17 08:24:09.452954016
Enes Kanter,Oklahoma City Thunder,11.0,C,24.0,6-11,245.0,Kentucky,16407500.0,2023-03-25 08:11:33.216630208
Mitch McGary,Oklahoma City Thunder,33.0,PF,24.0,6-10,255.0,Michigan,1463040.0,2023-04-02 07:58:56.980306304
Nazr Mohammed,Oklahoma City Thunder,13.0,C,38.0,6-10,250.0,Kentucky,222888.0,2023-04-10 07:46:20.743982464
Anthony Morrow,Oklahoma City Thunder,2.0,SG,30.0,6-5,210.0,Georgia Tech,3344000.0,2023-04-18 07:33:44.507658624
Cameron Payne,Oklahoma City Thunder,22.0,PG,21.0,6-3,185.0,Murray State,2021520.0,2023-04-26 07:21:08.271334784
Andre Roberson,Oklahoma City Thunder,21.0,SG,24.0,6-7,210.0,Colorado,1210800.0,2023-05-04 07:08:32.035010944
Kyle Singler,Oklahoma City Thunder,5.0,SF,28.0,6-8,228.0,Duke,4500000.0,2023-05-12 06:55:55.798687040
Dion Waiters,Oklahoma City Thunder,3.0,SG,24.0,6-4,220.0,Syracuse,5138430.0,2023-05-20 06:43:19.562363200
Russell Westbrook,Oklahoma City Thunder,0.0,PG,27.0,6-3,200.0,UCLA,16744218.0,2023-05-28 06:30:43.326039360
Cliff Alexander,Portland Trail Blazers,34.0,PF,20.0,6-8,240.0,Kansas,525093.0,2023-06-05 06:18:07.089715520
Al-Farouq Aminu,Portland Trail Blazers,8.0,SF,25.0,6-9,215.0,Wake Forest,8042895.0,2023-06-13 06:05:30.853391680
Pat Connaughton,Portland Trail Blazers,5.0,SG,23.0,6-5,206.0,Notre Dame,625093.0,2023-06-21 05:52:54.617067840
Allen Crabbe,Portland Trail Blazers,23.0,SG,24.0,6-6,210.0,California,947276.0,2023-06-29 05:40:18.380743936
Ed Davis,Portland Trail Blazers,17.0,C,27.0,6-10,240.0,North Carolina,6980802.0,2023-07-07 05:27:42.144420096
Maurice Harkless,Portland Trail Blazers,4.0,SF,23.0,6-9,215.0,St. John's,2894059.0,2023-07-15 05:15:05.908096256
Gerald Henderson,Portland Trail Blazers,9.0,SG,28.0,6-5,215.0,Duke,6000000.0,2023-07-23 05:02:29.671772416
Chris Kaman,Portland Trail Blazers,35.0,C,34.0,7-0,265.0,Central Michigan,5016000.0,2023-07-31 04:49:53.435448576
Meyers Leonard,Portland Trail Blazers,11.0,PF,24.0,7-1,245.0,Illinois,3075880.0,2023-08-08 04:37:17.199124736
Damian Lillard,Portland Trail Blazers,0.0,PG,25.0,6-3,195.0,Weber State,4236287.0,2023-08-16 04:24:40.962800832
C.J. McCollum,Portland Trail Blazers,3.0,SG,24.0,6-4,200.0,Lehigh,2525160.0,2023-08-24 04:12:04.726476992
Luis Montero,Portland Trail Blazers,44.0,SG,23.0,6-7,185.0,Westchester CC,525093.0,2023-09-01 03:59:28.490153152
Mason Plumlee,Portland Trail Blazers,24.0,C,26.0,6-11,235.0,Duke,1415520.0,2023-09-09 03:46:52.253829312
Brian Roberts,Portland Trail Blazers,2.0,PG,30.0,6-1,173.0,Dayton,2854940.0,2023-09-17 03:34:16.017505472
Noah Vonleh,Portland Trail Blazers,21.0,PF,20.0,6-9,240.0,Indiana,2637720.0,2023-09-25 03:21:39.781181568
Trevor Booker,Utah Jazz,33.0,PF,28.0,6-8,228.0,Clemson,4775000.0,2023-10-03 03:09:03.544857728
Trey Burke,Utah Jazz,3.0,PG,23.0,6-1,191.0,Michigan,2658240.0,2023-10-11 02:56:27.308533888
Alec Burks,Utah Jazz,10.0,SG,24.0,6-6,214.0,Colorado,9463484.0,2023-10-19 02:43:51.072210048
Dante Exum,Utah Jazz,11.0,PG,20.0,6-6,190.0,,3777720.0,2023-10-27 02:31:14.835886208
Derrick Favors,Utah Jazz,15.0,PF,24.0,6-10,265.0,Georgia Tech,12000000.0,2023-11-04 02:18:38.599562368
Rudy Gobert,Utah Jazz,27.0,C,23.0,7-1,245.0,,1175880.0,2023-11-12 02:06:02.363238464
Gordon Hayward,Utah Jazz,20.0,SF,26.0,6-8,226.0,Butler,15409570.0,2023-11-20 01:53:26.126914624
Rodney Hood,Utah Jazz,5.0,SG,23.0,6-8,206.0,Duke,1348440.0,2023-11-28 01:40:49.890590784
Joe Ingles,Utah Jazz,2.0,SF,28.0,6-8,226.0,,2050000.0,2023-12-06 01:28:13.654266944
Chris Johnson,Utah Jazz,23.0,SF,26.0,6-6,206.0,Dayton,981348.0,2023-12-14 01:15:37.417943104
Trey Lyles,Utah Jazz,41.0,PF,20.0,6-10,234.0,Kentucky,2239800.0,2023-12-22 01:03:01.181619264
Shelvin Mack,Utah Jazz,8.0,PG,26.0,6-3,203.0,Butler,2433333.0,2023-12-30 00:50:24.945295360
Raul Neto,Utah Jazz,25.0,PG,24.0,6-1,179.0,,900000.0,2024-01-07 00:37:48.708971520
Tibor Pleiss,Utah Jazz,21.0,C,26.0,7-3,256.0,,2900000.0,2024-01-15 00:25:12.472647680
Jeff Withey,Utah Jazz,24.0,C,26.0,7-0,231.0,Kansas,947276.0,2024-01-23 00:12:36.236323840
,,,,,,,,,2024-01-31 00:00:00.000000000
